date,date,total_num,pos_num,neg_num,neu_num,pos_density,neg_density,neu_density
2020-03-19,2020-03-19,164,85,27,52,0.5182926829268293,0.16463414634146342,0.3170731707317073
2020-03-20,2020-03-20,906,402,166,338,0.44370860927152317,0.18322295805739514,0.3730684326710817
2020-03-21,2020-03-21,955,434,134,387,0.4544502617801047,0.14031413612565444,0.40523560209424087
2020-03-22,2020-03-22,988,473,137,378,0.47874493927125505,0.13866396761133604,0.3825910931174089
2020-03-23,2020-03-23,886,445,141,300,0.5022573363431151,0.15914221218961624,0.33860045146726864
2020-03-24,2020-03-24,868,420,130,318,0.4838709677419355,0.1497695852534562,0.3663594470046083
2020-03-25,2020-03-25,854,418,111,325,0.4894613583138173,0.12997658079625293,0.3805620608899297
2020-03-26,2020-03-26,769,350,113,306,0.45513654096228867,0.1469440832249675,0.39791937581274384
2020-03-27,2020-03-27,713,362,98,253,0.5077138849929874,0.13744740532959326,0.3548387096774194
2020-03-28,2020-03-28,751,352,115,284,0.46870838881491345,0.15312916111850866,0.3781624500665779
2020-03-29,2020-03-29,214,107,28,79,0.5,0.1308411214953271,0.3691588785046729
2020-03-30,2020-03-30,435,221,56,158,0.5080459770114942,0.12873563218390804,0.3632183908045977
2020-03-31,2020-03-31,523,260,61,202,0.497131931166348,0.11663479923518165,0.3862332695984704
2020-04-01,2020-04-01,394,188,56,150,0.47715736040609136,0.14213197969543148,0.38071065989847713
2020-04-02,2020-04-02,411,209,59,143,0.5085158150851582,0.1435523114355231,0.34793187347931875
2020-04-03,2020-04-03,401,194,52,155,0.4837905236907731,0.12967581047381546,0.3865336658354115
2020-04-04,2020-04-04,444,184,72,188,0.4144144144144144,0.16216216216216217,0.42342342342342343
2020-04-05,2020-04-05,523,217,80,226,0.4149139579349904,0.15296367112810708,0.4321223709369025
2020-04-06,2020-04-06,290,109,59,122,0.3758620689655172,0.20344827586206896,0.4206896551724138
2020-04-07,2020-04-07,386,166,81,139,0.43005181347150256,0.20984455958549222,0.3601036269430052
2020-04-08,2020-04-08,273,134,48,91,0.4908424908424908,0.17582417582417584,0.3333333333333333
2020-04-09,2020-04-09,347,149,74,124,0.42939481268011526,0.2132564841498559,0.3573487031700288
2020-04-10,2020-04-10,325,128,65,132,0.39384615384615385,0.2,0.40615384615384614
2020-04-11,2020-04-11,338,119,98,121,0.3520710059171598,0.28994082840236685,0.35798816568047337
2020-04-12,2020-04-12,333,135,89,109,0.40540540540540543,0.2672672672672673,0.32732732732732733
2020-04-13,2020-04-13,189,69,74,46,0.36507936507936506,0.3915343915343915,0.24338624338624337
2020-04-14,2020-04-14,132,49,35,48,0.3712121212121212,0.26515151515151514,0.36363636363636365
2020-04-15,2020-04-15,145,60,27,58,0.41379310344827586,0.18620689655172415,0.4
2020-04-16,2020-04-16,212,87,54,71,0.41037735849056606,0.25471698113207547,0.33490566037735847
2020-04-17,2020-04-17,229,90,50,89,0.3930131004366812,0.2183406113537118,0.388646288209607
2020-04-18,2020-04-18,566,269,79,218,0.4752650176678445,0.13957597173144876,0.38515901060070673
2020-04-19,2020-04-19,693,349,95,249,0.5036075036075036,0.1370851370851371,0.3593073593073593
2020-04-20,2020-04-20,567,274,83,210,0.48324514991181655,0.14638447971781304,0.37037037037037035
2020-04-21,2020-04-21,613,313,100,200,0.5106035889070146,0.1631321370309951,0.3262642740619902
2020-04-22,2020-04-22,597,297,93,207,0.49748743718592964,0.15577889447236182,0.34673366834170855
2020-04-23,2020-04-23,560,282,70,208,0.5035714285714286,0.125,0.37142857142857144
2020-04-24,2020-04-24,507,247,78,182,0.48717948717948717,0.15384615384615385,0.358974358974359
2020-04-25,2020-04-25,539,293,59,187,0.5435992578849722,0.10946196660482375,0.3469387755102041
2020-04-26,2020-04-26,653,324,87,242,0.49617151607963245,0.1332312404287902,0.37059724349157736
2020-04-27,2020-04-27,577,275,70,232,0.47660311958405543,0.12131715771230503,0.4020797227036395
2020-04-28,2020-04-28,1084,557,140,387,0.5138376383763837,0.12915129151291513,0.3570110701107011
2020-04-29,2020-04-29,1297,672,156,469,0.518118735543562,0.1202775636083269,0.361603700848111
2020-04-30,2020-04-30,1352,701,194,457,0.518491124260355,0.14349112426035504,0.3380177514792899
2020-05-01,2020-05-01,711,359,91,261,0.5049226441631505,0.1279887482419128,0.3670886075949367
2020-05-02,2020-05-02,744,384,96,264,0.5161290322580645,0.12903225806451613,0.3548387096774194
2020-05-03,2020-05-03,564,264,76,224,0.46808510638297873,0.1347517730496454,0.3971631205673759
2020-05-04,2020-05-04,593,315,68,210,0.5311973018549747,0.11467116357504216,0.35413153456998314
2020-05-05,2020-05-05,624,320,66,238,0.5128205128205128,0.10576923076923077,0.3814102564102564
2020-05-06,2020-05-06,606,313,71,222,0.5165016501650165,0.11716171617161716,0.36633663366336633
2020-05-07,2020-05-07,566,303,68,195,0.5353356890459364,0.12014134275618374,0.34452296819787986
2020-05-08,2020-05-08,621,322,69,230,0.5185185185185185,0.1111111111111111,0.37037037037037035
2020-05-09,2020-05-09,502,269,66,167,0.5358565737051793,0.13147410358565736,0.33266932270916333
2020-05-10,2020-05-10,381,199,49,133,0.5223097112860893,0.12860892388451445,0.34908136482939633
2020-05-11,2020-05-11,389,213,40,136,0.5475578406169666,0.10282776349614396,0.3496143958868895
2020-05-12,2020-05-12,448,229,64,155,0.5111607142857143,0.14285714285714285,0.34598214285714285
2020-05-13,2020-05-13,531,285,61,185,0.536723163841808,0.11487758945386065,0.3483992467043315
2020-05-14,2020-05-14,540,295,70,175,0.5462962962962963,0.12962962962962962,0.32407407407407407
2020-05-15,2020-05-15,579,306,64,209,0.5284974093264249,0.11053540587219343,0.3609671848013817
2020-05-16,2020-05-16,559,300,62,197,0.5366726296958855,0.11091234347048301,0.35241502683363146
2020-05-17,2020-05-17,387,199,37,151,0.5142118863049095,0.09560723514211886,0.39018087855297157
2020-05-18,2020-05-18,451,244,51,156,0.541019955654102,0.1130820399113082,0.3458980044345898
2020-05-19,2020-05-19,483,273,58,152,0.5652173913043478,0.12008281573498965,0.3146997929606625
2020-05-20,2020-05-20,465,259,61,145,0.556989247311828,0.13118279569892474,0.3118279569892473
2020-05-21,2020-05-21,487,258,58,171,0.5297741273100616,0.11909650924024641,0.351129363449692
2020-05-22,2020-05-22,510,281,61,168,0.5509803921568628,0.11960784313725491,0.32941176470588235
2020-05-23,2020-05-23,398,219,50,129,0.550251256281407,0.12562814070351758,0.3241206030150754
2020-05-24,2020-05-24,418,234,58,126,0.5598086124401914,0.13875598086124402,0.3014354066985646
2020-05-25,2020-05-25,363,186,40,137,0.512396694214876,0.11019283746556474,0.3774104683195592
2020-05-26,2020-05-26,416,217,49,150,0.5216346153846154,0.11778846153846154,0.3605769230769231
2020-05-27,2020-05-27,373,198,44,131,0.5308310991957105,0.11796246648793565,0.3512064343163539
2020-05-28,2020-05-28,359,213,28,118,0.5933147632311978,0.07799442896935933,0.3286908077994429
2020-05-29,2020-05-29,412,242,52,118,0.587378640776699,0.1262135922330097,0.28640776699029125
2020-05-30,2020-05-30,318,176,32,110,0.5534591194968553,0.10062893081761007,0.34591194968553457
2020-05-31,2020-05-31,340,180,40,120,0.5294117647058824,0.11764705882352941,0.35294117647058826
2020-06-01,2020-06-01,296,177,46,73,0.597972972972973,0.1554054054054054,0.24662162162162163
2020-06-02,2020-06-02,224,112,24,88,0.5,0.10714285714285714,0.39285714285714285
2020-06-03,2020-06-03,306,163,45,98,0.5326797385620915,0.14705882352941177,0.3202614379084967
2020-06-04,2020-06-04,321,177,36,108,0.5514018691588785,0.11214953271028037,0.3364485981308411
2020-06-05,2020-06-05,412,215,62,135,0.5218446601941747,0.15048543689320387,0.3276699029126214
2020-06-06,2020-06-06,344,207,45,92,0.6017441860465116,0.1308139534883721,0.26744186046511625
2020-06-07,2020-06-07,339,181,49,109,0.5339233038348082,0.14454277286135694,0.3215339233038348
2020-06-08,2020-06-08,376,196,49,131,0.5212765957446809,0.13031914893617022,0.3484042553191489
2020-06-09,2020-06-09,410,239,35,136,0.5829268292682926,0.08536585365853659,0.33170731707317075
2020-06-10,2020-06-10,359,193,44,122,0.5376044568245125,0.12256267409470752,0.3398328690807799
2020-06-11,2020-06-11,358,202,45,111,0.5642458100558659,0.12569832402234637,0.3100558659217877
2020-06-12,2020-06-12,418,235,65,118,0.562200956937799,0.15550239234449761,0.2822966507177033
2020-06-13,2020-06-13,322,186,35,101,0.577639751552795,0.10869565217391304,0.3136645962732919
2020-06-14,2020-06-14,294,165,47,82,0.5612244897959183,0.1598639455782313,0.2789115646258503
2020-06-15,2020-06-15,620,357,79,184,0.5758064516129032,0.12741935483870967,0.2967741935483871
2020-06-16,2020-06-16,740,431,90,219,0.5824324324324325,0.12162162162162163,0.2959459459459459
2020-06-17,2020-06-17,694,415,77,202,0.5979827089337176,0.11095100864553314,0.2910662824207493
2020-06-18,2020-06-18,675,407,82,186,0.6029629629629629,0.12148148148148148,0.27555555555555555
2020-06-19,2020-06-19,730,416,79,235,0.5698630136986301,0.10821917808219178,0.3219178082191781
2020-06-20,2020-06-20,735,450,77,208,0.6122448979591837,0.10476190476190476,0.2829931972789116
2020-06-21,2020-06-21,548,349,58,141,0.6368613138686131,0.10583941605839416,0.2572992700729927
2020-06-22,2020-06-22,583,351,68,164,0.6020583190394511,0.11663807890222985,0.28130360205831906
2020-06-23,2020-06-23,600,363,67,170,0.605,0.11166666666666666,0.2833333333333333
2020-06-24,2020-06-24,599,361,78,160,0.6026711185308848,0.1302170283806344,0.2671118530884808
2020-06-25,2020-06-25,657,376,92,189,0.5722983257229832,0.1400304414003044,0.2876712328767123
2020-06-26,2020-06-26,501,292,61,148,0.5828343313373253,0.1217564870259481,0.2954091816367265
2020-06-27,2020-06-27,684,410,97,177,0.5994152046783626,0.14181286549707603,0.25877192982456143
2020-06-28,2020-06-28,584,349,75,160,0.5976027397260274,0.1284246575342466,0.273972602739726
2020-06-29,2020-06-29,617,369,77,171,0.5980551053484603,0.12479740680713128,0.2771474878444084
2020-06-30,2020-06-30,631,351,91,189,0.5562599049128367,0.14421553090332806,0.29952456418383516
2020-07-01,2020-07-01,520,309,51,160,0.5942307692307692,0.09807692307692308,0.3076923076923077
2020-07-02,2020-07-02,560,344,73,143,0.6142857142857143,0.13035714285714287,0.25535714285714284
2020-07-03,2020-07-03,608,382,70,156,0.6282894736842105,0.11513157894736842,0.2565789473684211
2020-07-04,2020-07-04,775,453,95,227,0.584516129032258,0.12258064516129032,0.2929032258064516
2020-07-05,2020-07-05,500,305,59,136,0.61,0.118,0.272
2020-07-06,2020-07-06,435,252,61,122,0.5793103448275863,0.14022988505747128,0.28045977011494255
2020-07-07,2020-07-07,419,244,50,125,0.5823389021479713,0.11933174224343675,0.29832935560859186
2020-07-08,2020-07-08,452,256,75,121,0.5663716814159292,0.16592920353982302,0.2676991150442478
2020-07-09,2020-07-09,571,336,55,180,0.5884413309982487,0.09632224168126094,0.31523642732049034
2020-07-10,2020-07-10,575,358,67,150,0.6226086956521739,0.11652173913043479,0.2608695652173913
2020-07-11,2020-07-11,568,346,64,158,0.6091549295774648,0.11267605633802817,0.27816901408450706
2020-07-12,2020-07-12,494,299,43,152,0.6052631578947368,0.08704453441295547,0.3076923076923077
2020-07-13,2020-07-13,405,241,53,111,0.5950617283950618,0.1308641975308642,0.2740740740740741
2020-07-14,2020-07-14,463,273,61,129,0.5896328293736501,0.13174946004319654,0.2786177105831533
2020-07-15,2020-07-15,355,227,43,85,0.6394366197183099,0.12112676056338029,0.23943661971830985
2020-07-16,2020-07-16,415,238,50,127,0.5734939759036145,0.12048192771084337,0.3060240963855422
2020-07-17,2020-07-17,552,314,70,168,0.5688405797101449,0.12681159420289856,0.30434782608695654
2020-07-18,2020-07-18,535,332,47,156,0.6205607476635514,0.08785046728971962,0.29158878504672897
2020-07-19,2020-07-19,538,330,53,155,0.6133828996282528,0.09851301115241635,0.28810408921933084
2020-07-20,2020-07-20,409,256,37,116,0.6259168704156479,0.09046454767726161,0.28361858190709044
2020-07-21,2020-07-21,567,311,78,178,0.5485008818342152,0.13756613756613756,0.31393298059964725
2020-07-22,2020-07-22,552,322,70,160,0.5833333333333334,0.12681159420289856,0.2898550724637681
2020-07-23,2020-07-23,545,316,69,160,0.5798165137614679,0.12660550458715597,0.29357798165137616
2020-07-24,2020-07-24,660,380,81,199,0.5757575757575758,0.12272727272727273,0.3015151515151515
2020-07-25,2020-07-25,569,348,74,147,0.6115992970123023,0.13005272407732865,0.2583479789103691
2020-07-26,2020-07-26,478,263,56,159,0.5502092050209205,0.11715481171548117,0.33263598326359833
2020-07-27,2020-07-27,456,268,79,109,0.5877192982456141,0.17324561403508773,0.23903508771929824
2020-07-28,2020-07-28,325,182,44,99,0.56,0.13538461538461538,0.3046153846153846
2020-07-29,2020-07-29,373,225,58,90,0.6032171581769437,0.1554959785522788,0.24128686327077747
2020-07-30,2020-07-30,13,8,1,4,0.6153846153846154,0.07692307692307693,0.3076923076923077
2020-07-31,2020-07-31,327,194,45,88,0.5932721712538226,0.13761467889908258,0.2691131498470948
2020-08-01,2020-08-01,326,194,36,96,0.5950920245398773,0.11042944785276074,0.294478527607362
2020-08-02,2020-08-02,386,223,51,112,0.5777202072538861,0.13212435233160622,0.29015544041450775
2020-08-03,2020-08-03,411,251,46,114,0.610705596107056,0.11192214111922141,0.2773722627737226
2020-08-04,2020-08-04,473,265,65,143,0.5602536997885835,0.13742071881606766,0.3023255813953488
2020-08-05,2020-08-05,508,309,64,135,0.6082677165354331,0.12598425196850394,0.265748031496063
2020-08-06,2020-08-06,515,310,76,129,0.6019417475728155,0.14757281553398058,0.2504854368932039
2020-08-07,2020-08-07,593,348,71,174,0.5868465430016864,0.11973018549747048,0.2934232715008432
2020-08-08,2020-08-08,506,297,70,139,0.5869565217391305,0.1383399209486166,0.274703557312253
2020-08-09,2020-08-09,509,307,64,138,0.6031434184675835,0.12573673870333987,0.27111984282907664
2020-08-10,2020-08-10,384,235,48,101,0.6119791666666666,0.125,0.2630208333333333
2020-08-11,2020-08-11,498,288,74,136,0.5783132530120482,0.14859437751004015,0.27309236947791166
2020-08-12,2020-08-12,588,367,55,166,0.6241496598639455,0.0935374149659864,0.282312925170068
2020-08-13,2020-08-13,561,333,65,163,0.5935828877005348,0.11586452762923351,0.2905525846702317
2020-08-14,2020-08-14,650,362,84,204,0.556923076923077,0.12923076923076923,0.31384615384615383
2020-08-15,2020-08-15,610,381,64,165,0.6245901639344262,0.10491803278688525,0.27049180327868855
2020-08-16,2020-08-16,513,300,49,164,0.5847953216374269,0.09551656920077972,0.31968810916179335
2020-08-17,2020-08-17,522,301,73,148,0.5766283524904214,0.13984674329501914,0.2835249042145594
2020-08-18,2020-08-18,633,370,80,183,0.584518167456556,0.1263823064770932,0.2890995260663507
2020-08-19,2020-08-19,515,309,70,136,0.6,0.13592233009708737,0.26407766990291265
2020-08-20,2020-08-20,580,359,62,159,0.6189655172413793,0.10689655172413794,0.27413793103448275
2020-08-21,2020-08-21,515,314,62,139,0.6097087378640776,0.1203883495145631,0.26990291262135924
2020-08-22,2020-08-22,476,301,62,113,0.6323529411764706,0.13025210084033614,0.23739495798319327
2020-08-23,2020-08-23,369,214,54,101,0.5799457994579946,0.14634146341463414,0.27371273712737126
2020-08-24,2020-08-24,408,239,39,130,0.5857843137254902,0.09558823529411764,0.31862745098039214
2020-08-25,2020-08-25,407,246,43,118,0.6044226044226044,0.10565110565110565,0.28992628992628994
2020-08-26,2020-08-26,435,276,31,128,0.6344827586206897,0.07126436781609195,0.2942528735632184
2020-08-27,2020-08-27,486,286,69,131,0.588477366255144,0.1419753086419753,0.26954732510288065
2020-08-28,2020-08-28,402,229,45,128,0.5696517412935324,0.11194029850746269,0.31840796019900497
2020-08-29,2020-08-29,476,283,58,135,0.5945378151260504,0.12184873949579832,0.28361344537815125
2020-08-30,2020-08-30,405,238,52,115,0.5876543209876544,0.12839506172839507,0.2839506172839506
2020-08-31,2020-08-31,336,194,43,99,0.5773809523809523,0.12797619047619047,0.29464285714285715
2020-09-01,2020-09-01,838,524,122,192,0.6252983293556086,0.14558472553699284,0.22911694510739858
2020-09-02,2020-09-02,991,584,130,277,0.5893037336024218,0.1311806256306761,0.2795156407669021
2020-09-03,2020-09-03,898,553,108,237,0.6158129175946548,0.12026726057906459,0.2639198218262806
2020-09-04,2020-09-04,1227,727,155,345,0.5925020374898126,0.1263243683781581,0.28117359413202936
2020-09-05,2020-09-05,995,597,118,280,0.6,0.1185929648241206,0.2814070351758794
2020-09-06,2020-09-06,918,559,107,252,0.6089324618736384,0.11655773420479303,0.27450980392156865
2020-09-07,2020-09-07,940,593,98,249,0.6308510638297873,0.10425531914893617,0.2648936170212766
2020-09-08,2020-09-08,1070,664,126,280,0.6205607476635514,0.11775700934579439,0.2616822429906542
2020-09-09,2020-09-09,796,474,104,218,0.5954773869346733,0.1306532663316583,0.27386934673366836
2020-09-10,2020-09-10,350,182,48,120,0.52,0.13714285714285715,0.34285714285714286
2020-09-11,2020-09-11,322,150,35,137,0.4658385093167702,0.10869565217391304,0.4254658385093168
2020-09-12,2020-09-12,349,177,36,136,0.5071633237822349,0.10315186246418338,0.38968481375358166
2020-09-13,2020-09-13,327,157,39,131,0.4801223241590214,0.11926605504587157,0.40061162079510704
2020-09-14,2020-09-14,289,147,35,107,0.5086505190311419,0.12110726643598616,0.370242214532872
2020-09-15,2020-09-15,352,167,49,136,0.4744318181818182,0.13920454545454544,0.38636363636363635
2020-09-16,2020-09-16,292,142,39,111,0.4863013698630137,0.13356164383561644,0.3801369863013699
2020-09-17,2020-09-17,231,112,24,95,0.48484848484848486,0.1038961038961039,0.41125541125541126
2020-09-18,2020-09-18,369,184,45,140,0.4986449864498645,0.12195121951219512,0.3794037940379404
2020-09-19,2020-09-19,352,169,36,147,0.48011363636363635,0.10227272727272728,0.41761363636363635
2020-09-20,2020-09-20,264,137,24,103,0.5189393939393939,0.09090909090909091,0.39015151515151514
2020-09-21,2020-09-21,268,133,26,109,0.4962686567164179,0.09701492537313433,0.40671641791044777
2020-09-22,2020-09-22,297,140,34,123,0.4713804713804714,0.11447811447811448,0.41414141414141414
2020-09-23,2020-09-23,290,155,35,100,0.5344827586206896,0.1206896551724138,0.3448275862068966
2020-09-24,2020-09-24,301,158,22,121,0.5249169435215947,0.07308970099667775,0.4019933554817276
2020-09-25,2020-09-25,299,143,28,128,0.4782608695652174,0.09364548494983277,0.4280936454849498
2020-09-26,2020-09-26,332,166,42,124,0.5,0.12650602409638553,0.37349397590361444
2020-09-27,2020-09-27,243,112,26,105,0.4609053497942387,0.10699588477366255,0.43209876543209874
2020-09-28,2020-09-28,292,132,47,113,0.4520547945205479,0.16095890410958905,0.386986301369863
2020-09-29,2020-09-29,288,141,44,103,0.4895833333333333,0.1527777777777778,0.3576388888888889
2020-09-30,2020-09-30,230,97,45,88,0.4217391304347826,0.1956521739130435,0.3826086956521739
2020-10-01,2020-10-01,483,254,68,161,0.525879917184265,0.14078674948240166,0.3333333333333333
2020-10-02,2020-10-02,319,148,46,125,0.46394984326018807,0.14420062695924765,0.39184952978056425
2020-10-03,2020-10-03,272,131,33,108,0.48161764705882354,0.1213235294117647,0.39705882352941174
2020-10-04,2020-10-04,344,170,35,139,0.4941860465116279,0.10174418604651163,0.40406976744186046
2020-10-05,2020-10-05,308,158,44,106,0.512987012987013,0.14285714285714285,0.34415584415584416
2020-10-06,2020-10-06,306,129,51,126,0.4215686274509804,0.16666666666666666,0.4117647058823529
2020-10-07,2020-10-07,375,171,48,156,0.456,0.128,0.416
2020-10-08,2020-10-08,447,221,53,173,0.49440715883668906,0.1185682326621924,0.3870246085011186
2020-10-09,2020-10-09,488,243,64,181,0.4979508196721312,0.13114754098360656,0.3709016393442623
2020-10-10,2020-10-10,534,266,61,207,0.49812734082397003,0.11423220973782772,0.38764044943820225
2020-10-11,2020-10-11,435,238,45,152,0.5471264367816092,0.10344827586206896,0.34942528735632183
2020-10-12,2020-10-12,487,235,52,200,0.48254620123203285,0.10677618069815195,0.4106776180698152
2020-10-13,2020-10-13,427,198,68,161,0.4637002341920375,0.1592505854800937,0.3770491803278688
2020-10-14,2020-10-14,503,251,70,182,0.4990059642147117,0.13916500994035785,0.36182902584493043
2020-10-15,2020-10-15,437,201,62,174,0.459954233409611,0.14187643020594964,0.39816933638443935
2020-10-16,2020-10-16,509,248,48,213,0.48722986247544203,0.09430255402750491,0.41846758349705304
2020-10-17,2020-10-17,537,260,60,217,0.48417132216014896,0.11173184357541899,0.40409683426443205
2020-10-18,2020-10-18,455,237,60,158,0.5208791208791209,0.13186813186813187,0.34725274725274724
2020-10-19,2020-10-19,502,236,60,206,0.4701195219123506,0.11952191235059761,0.4103585657370518
2020-10-20,2020-10-20,542,278,69,195,0.5129151291512916,0.12730627306273062,0.35977859778597787
2020-10-21,2020-10-21,521,270,66,185,0.5182341650671785,0.12667946257197696,0.3550863723608445
2020-10-22,2020-10-22,507,241,71,195,0.47534516765285995,0.14003944773175542,0.38461538461538464
2020-10-23,2020-10-23,597,292,73,232,0.48911222780569513,0.12227805695142378,0.38860971524288107
2020-10-24,2020-10-24,595,273,66,256,0.4588235294117647,0.11092436974789915,0.43025210084033616
2020-10-25,2020-10-25,436,219,47,170,0.5022935779816514,0.10779816513761468,0.38990825688073394
2020-10-26,2020-10-26,492,255,47,190,0.5182926829268293,0.09552845528455285,0.3861788617886179
2020-10-27,2020-10-27,382,169,53,160,0.4424083769633508,0.1387434554973822,0.418848167539267
2020-10-28,2020-10-28,485,221,63,201,0.4556701030927835,0.12989690721649486,0.4144329896907217
2020-10-29,2020-10-29,618,330,68,220,0.5339805825242718,0.11003236245954692,0.3559870550161812
2020-10-30,2020-10-30,594,323,66,205,0.5437710437710438,0.1111111111111111,0.3451178451178451
2020-10-31,2020-10-31,862,428,116,318,0.4965197215777262,0.1345707656612529,0.3689095127610209
2020-11-01,2020-11-01,768,382,95,291,0.4973958333333333,0.12369791666666667,0.37890625
2020-11-02,2020-11-02,529,273,76,180,0.5160680529300568,0.14366729678638943,0.34026465028355385
2020-11-03,2020-11-03,642,324,70,248,0.5046728971962616,0.10903426791277258,0.3862928348909657
2020-11-04,2020-11-04,663,315,104,244,0.4751131221719457,0.1568627450980392,0.3680241327300151
2020-11-05,2020-11-05,801,394,99,308,0.4918851435705368,0.12359550561797752,0.38451935081148564
2020-11-06,2020-11-06,621,276,82,263,0.4444444444444444,0.1320450885668277,0.42351046698872785
2020-11-07,2020-11-07,554,259,55,240,0.4675090252707581,0.09927797833935018,0.4332129963898917
2020-11-08,2020-11-08,489,228,52,209,0.4662576687116564,0.10633946830265849,0.4274028629856851
2020-11-09,2020-11-09,295,134,38,123,0.4542372881355932,0.1288135593220339,0.41694915254237286
2020-11-10,2020-11-10,485,262,46,177,0.5402061855670103,0.09484536082474226,0.3649484536082474
2020-11-11,2020-11-11,487,226,81,180,0.46406570841889117,0.16632443531827515,0.36960985626283366
2020-11-12,2020-11-12,424,224,44,156,0.5283018867924528,0.10377358490566038,0.36792452830188677
2020-11-13,2020-11-13,471,230,60,181,0.4883227176220807,0.12738853503184713,0.3842887473460722
2020-11-14,2020-11-14,518,264,77,177,0.5096525096525096,0.14864864864864866,0.3416988416988417
2020-11-15,2020-11-15,485,238,56,191,0.49072164948453606,0.1154639175257732,0.3938144329896907
2020-11-16,2020-11-16,337,173,47,117,0.5133531157270029,0.1394658753709199,0.34718100890207715
2020-11-17,2020-11-17,427,186,62,179,0.43559718969555034,0.1451990632318501,0.41920374707259955
2020-11-18,2020-11-18,486,239,62,185,0.49176954732510286,0.12757201646090535,0.38065843621399176
2020-11-19,2020-11-19,501,262,57,182,0.5229540918163673,0.11377245508982035,0.36327345309381237
2020-11-20,2020-11-20,502,230,64,208,0.4581673306772908,0.12749003984063745,0.41434262948207173
2020-11-21,2020-11-21,499,243,54,202,0.48697394789579157,0.10821643286573146,0.40480961923847697
2020-11-22,2020-11-22,532,241,70,221,0.45300751879699247,0.13157894736842105,0.41541353383458646
2020-11-23,2020-11-23,421,204,41,176,0.4845605700712589,0.09738717339667459,0.4180522565320665
2020-11-24,2020-11-24,480,239,55,186,0.4979166666666667,0.11458333333333333,0.3875
2020-11-25,2020-11-25,491,239,59,193,0.48676171079429736,0.12016293279022404,0.39307535641547864
2020-11-26,2020-11-26,605,327,66,212,0.540495867768595,0.10909090909090909,0.3504132231404959
2020-11-27,2020-11-27,501,251,54,196,0.500998003992016,0.10778443113772455,0.3912175648702595
2020-11-28,2020-11-28,428,201,50,177,0.4696261682242991,0.11682242990654206,0.4135514018691589
2020-11-29,2020-11-29,381,191,47,143,0.5013123359580053,0.12335958005249344,0.3753280839895013
2020-11-30,2020-11-30,363,179,46,138,0.4931129476584022,0.12672176308539945,0.38016528925619836
2020-12-01,2020-12-01,441,199,54,188,0.4512471655328798,0.12244897959183673,0.42630385487528344
2020-12-02,2020-12-02,505,249,63,193,0.49306930693069306,0.12475247524752475,0.3821782178217822
2020-12-03,2020-12-03,527,253,67,207,0.48007590132827327,0.127134724857685,0.3927893738140417
2020-12-04,2020-12-04,459,219,53,187,0.477124183006536,0.11546840958605664,0.4074074074074074
2020-12-05,2020-12-05,518,232,58,228,0.44787644787644787,0.11196911196911197,0.44015444015444016
2020-12-06,2020-12-06,475,246,49,180,0.5178947368421053,0.1031578947368421,0.37894736842105264
2020-12-07,2020-12-07,409,199,58,152,0.48655256723716384,0.14180929095354522,0.37163814180929094
2020-12-08,2020-12-08,431,210,52,169,0.4872389791183295,0.12064965197215777,0.39211136890951276
2020-12-09,2020-12-09,427,218,42,167,0.5105386416861827,0.09836065573770492,0.3911007025761124
2020-12-10,2020-12-10,454,219,52,183,0.48237885462555063,0.1145374449339207,0.40308370044052866
2020-12-11,2020-12-11,470,231,57,182,0.49148936170212765,0.12127659574468085,0.3872340425531915
2020-12-12,2020-12-12,589,299,64,226,0.5076400679117148,0.10865874363327674,0.3837011884550085
2020-12-13,2020-12-13,462,221,60,181,0.47835497835497837,0.12987012987012986,0.3917748917748918
2020-12-14,2020-12-14,432,198,47,187,0.4583333333333333,0.1087962962962963,0.43287037037037035
2020-12-15,2020-12-15,530,274,55,201,0.5169811320754717,0.10377358490566038,0.37924528301886795
2020-12-16,2020-12-16,475,230,57,188,0.4842105263157895,0.12,0.3957894736842105
2020-12-17,2020-12-17,485,203,55,227,0.41855670103092785,0.1134020618556701,0.46804123711340206
2020-12-18,2020-12-18,475,225,55,195,0.47368421052631576,0.11578947368421053,0.4105263157894737
2020-12-19,2020-12-19,429,190,49,190,0.4428904428904429,0.11421911421911422,0.4428904428904429
2020-12-20,2020-12-20,455,228,60,167,0.5010989010989011,0.13186813186813187,0.367032967032967
2020-12-21,2020-12-21,437,208,59,170,0.4759725400457666,0.13501144164759726,0.3890160183066362
2020-12-22,2020-12-22,466,211,62,193,0.45278969957081544,0.13304721030042918,0.41416309012875535
2020-12-23,2020-12-23,474,248,62,164,0.5232067510548524,0.1308016877637131,0.3459915611814346
2020-12-24,2020-12-24,609,352,75,182,0.5779967159277504,0.12315270935960591,0.2988505747126437
2020-12-25,2020-12-25,611,388,43,180,0.6350245499181669,0.07037643207855974,0.2945990180032733
2020-12-26,2020-12-26,491,274,52,165,0.5580448065173116,0.10590631364562118,0.3360488798370672
2020-12-27,2020-12-27,383,190,43,150,0.4960835509138381,0.1122715404699739,0.391644908616188
2020-12-28,2020-12-28,382,172,46,164,0.450261780104712,0.12041884816753927,0.4293193717277487
2020-12-29,2020-12-29,479,230,60,189,0.4801670146137787,0.12526096033402923,0.3945720250521921
2020-12-30,2020-12-30,464,240,51,173,0.5172413793103449,0.10991379310344827,0.3728448275862069
2020-12-31,2020-12-31,678,404,64,210,0.5958702064896755,0.0943952802359882,0.30973451327433627
2021-01-01,2021-01-01,488,315,42,131,0.6454918032786885,0.0860655737704918,0.26844262295081966
2021-01-02,2021-01-02,378,197,49,132,0.5211640211640212,0.12962962962962962,0.3492063492063492
2021-01-03,2021-01-03,359,164,55,140,0.4568245125348189,0.1532033426183844,0.38997214484679665
2021-01-04,2021-01-04,391,178,51,162,0.45524296675191817,0.13043478260869565,0.4143222506393862
2021-01-05,2021-01-05,565,262,80,223,0.46371681415929206,0.1415929203539823,0.39469026548672564
2021-01-06,2021-01-06,554,272,65,217,0.49097472924187724,0.11732851985559567,0.3916967509025271
2021-01-07,2021-01-07,544,260,70,214,0.47794117647058826,0.12867647058823528,0.39338235294117646
2021-01-08,2021-01-08,603,282,81,240,0.46766169154228854,0.13432835820895522,0.39800995024875624
2021-01-09,2021-01-09,598,289,70,239,0.48327759197324416,0.11705685618729098,0.3996655518394649
2021-01-10,2021-01-10,504,229,66,209,0.45436507936507936,0.13095238095238096,0.4146825396825397
2021-01-11,2021-01-11,478,235,54,189,0.4916317991631799,0.11297071129707113,0.39539748953974896
2021-01-12,2021-01-12,579,236,81,262,0.4075993091537133,0.13989637305699482,0.4525043177892919
2021-01-13,2021-01-13,567,263,76,228,0.4638447971781305,0.13403880070546736,0.4021164021164021
2021-01-14,2021-01-14,587,258,75,254,0.4395229982964225,0.12776831345826234,0.43270868824531517
2021-01-15,2021-01-15,544,234,62,248,0.43014705882352944,0.11397058823529412,0.45588235294117646
2021-01-16,2021-01-16,463,212,54,197,0.45788336933045354,0.11663066954643629,0.42548596112311016
2021-01-17,2021-01-17,527,245,52,230,0.4648956356736243,0.09867172675521822,0.4364326375711575
2021-01-18,2021-01-18,27,15,2,10,0.5555555555555556,0.07407407407407407,0.37037037037037035
2021-01-19,2021-01-19,434,208,53,173,0.4792626728110599,0.12211981566820276,0.3986175115207373
2021-01-20,2021-01-20,440,210,64,166,0.4772727272727273,0.14545454545454545,0.37727272727272726
2021-01-21,2021-01-21,432,201,52,179,0.4652777777777778,0.12037037037037036,0.41435185185185186
2021-01-22,2021-01-22,485,227,58,200,0.46804123711340206,0.11958762886597939,0.41237113402061853
2021-01-23,2021-01-23,525,252,68,205,0.48,0.1295238095238095,0.3904761904761905
2021-01-24,2021-01-24,476,218,55,203,0.4579831932773109,0.11554621848739496,0.4264705882352941
2021-01-25,2021-01-25,442,218,47,177,0.49321266968325794,0.10633484162895927,0.4004524886877828
2021-01-26,2021-01-26,497,226,71,200,0.45472837022132795,0.14285714285714285,0.4024144869215292
2021-01-27,2021-01-27,512,256,61,195,0.5,0.119140625,0.380859375
2021-01-28,2021-01-28,525,271,62,192,0.5161904761904762,0.1180952380952381,0.3657142857142857
2021-01-29,2021-01-29,552,271,70,211,0.49094202898550726,0.12681159420289856,0.3822463768115942
2021-01-30,2021-01-30,547,272,65,210,0.49725776965265084,0.11882998171846434,0.38391224862888484
2021-01-31,2021-01-31,445,207,53,185,0.4651685393258427,0.11910112359550562,0.4157303370786517
2021-02-01,2021-02-01,521,266,50,205,0.510556621880998,0.09596928982725528,0.3934740882917466
2021-02-02,2021-02-02,493,244,59,190,0.4949290060851927,0.11967545638945233,0.385395537525355
2021-02-03,2021-02-03,521,258,49,214,0.4952015355086372,0.09404990403071017,0.4107485604606526
2021-02-04,2021-02-04,522,287,39,196,0.5498084291187739,0.07471264367816093,0.37547892720306514
2021-02-05,2021-02-05,568,289,54,225,0.5088028169014085,0.09507042253521127,0.3961267605633803
2021-02-06,2021-02-06,509,284,45,180,0.5579567779960707,0.08840864440078586,0.35363457760314343
2021-02-07,2021-02-07,559,302,47,210,0.5402504472271914,0.08407871198568873,0.3756708407871199
2021-02-08,2021-02-08,59,21,8,30,0.3559322033898305,0.13559322033898305,0.5084745762711864
2021-02-09,2021-02-09,488,252,49,187,0.5163934426229508,0.10040983606557377,0.3831967213114754
2021-02-10,2021-02-10,575,303,58,214,0.5269565217391304,0.10086956521739131,0.37217391304347824
2021-02-11,2021-02-11,530,288,53,189,0.5433962264150943,0.1,0.35660377358490564
2021-02-12,2021-02-12,621,337,66,218,0.5426731078904992,0.10628019323671498,0.35104669887278583
2021-02-13,2021-02-13,556,298,55,203,0.5359712230215827,0.09892086330935251,0.36510791366906475
2021-02-14,2021-02-14,516,295,40,181,0.5717054263565892,0.07751937984496124,0.3507751937984496
2021-02-15,2021-02-15,576,316,49,211,0.5486111111111112,0.08506944444444445,0.3663194444444444
2021-02-16,2021-02-16,619,352,49,218,0.568659127625202,0.0791599353796446,0.35218093699515346
2021-02-17,2021-02-17,82,38,10,34,0.4634146341463415,0.12195121951219512,0.4146341463414634
2021-02-18,2021-02-18,407,197,43,167,0.48402948402948404,0.10565110565110565,0.4103194103194103
2021-02-19,2021-02-19,502,234,71,197,0.46613545816733065,0.14143426294820718,0.39243027888446214
2021-02-20,2021-02-20,440,222,38,180,0.5045454545454545,0.08636363636363636,0.4090909090909091
2021-02-21,2021-02-21,405,201,36,168,0.4962962962962963,0.08888888888888889,0.4148148148148148
2021-02-22,2021-02-22,70,41,5,24,0.5857142857142857,0.07142857142857142,0.34285714285714286
2021-02-23,2021-02-23,403,176,47,180,0.43672456575682383,0.11662531017369727,0.4466501240694789
2021-02-24,2021-02-24,498,245,49,204,0.4919678714859438,0.09839357429718876,0.40963855421686746
2021-02-25,2021-02-25,525,256,50,219,0.4876190476190476,0.09523809523809523,0.41714285714285715
2021-02-26,2021-02-26,494,250,49,195,0.5060728744939271,0.09919028340080972,0.39473684210526316
2021-02-27,2021-02-27,530,277,53,200,0.5226415094339623,0.1,0.37735849056603776
2021-02-28,2021-02-28,469,264,29,176,0.5628997867803838,0.06183368869936034,0.3752665245202559
2021-03-01,2021-03-01,69,41,4,24,0.5942028985507246,0.057971014492753624,0.34782608695652173
